,x,y,gradient,smoothness,gradient_even,smoothness_even
6,302.0,1305.0,102.62051282051243,4.126945708728812,-47.0,51.29317463055599
14,1179.0,145.0,-0.0027110070832455646,0.0022027069133201973,-0.5,0.2148957502516533
15,1275.0,156.0,0.1501664661685873,0.0020530208969394594,10.0,0.1375816921302659
16,1328.0,165.0,0.2724523771772862,0.0022599750262253153,13.5,0.11544081101610498
17,1377.0,183.0,0.3810480882007973,0.0022062200820006516,35.0,0.1905892065425414
